{
  "python_is_prime_n": {
    "avg": Infinity,
    "std": NaN
  },
  "python_is_prime_sqrt": {
    "avg": 0.017627831000004333,
    "std": 0.006003696351126962
  },
  "python_is_prime_even": {
    "avg": 0.019080645000002505,
    "std": 0.007044511042936656
  },
  "c_is_prime": {
    "avg": 0.001321597600002633,
    "std": 1.9551237641535126e-05
  },
  "c_is_prime_org": {
    "avg": 0.001316171100000929,
    "std": 1.4215099162951773e-05
  },
  "csharp_isPrime": {
    "avg": 0.06405946070000254,
    "std": 7.989223947599004e-05
  }
}